Recipe Name,Recipe Link
Mango Smoothie,https://fitelo.co/mango-smoothie/
Paneer Shashlik Tikka,https://fitelo.co/paneer-shashlik-tikka/
Masala Chicken Tikka,https://fitelo.co/chicken-tikka-recipe/
Haldi Ginger Tea,https://fitelo.co/turmeric-and-ginger-tea-recipe/
Brown Rice Biryani,https://fitelo.co/brown-rice-biryani/
Oats Roti,https://fitelo.co/oats-roti-recipe/
Cold Coffee,https://fitelo.co/cold-coffee/
Healthy Cookie,https://fitelo.co/weight-loss/recipes/baked-atta-cookies-recipe/
Extreme Weight Loss Slush,https://www.instagram.com/p/CoceGn3AEkE/
Mango Mishti Doi,https://www.instagram.com/p/Cd5QpuChqs9/
Sauteed Veggies Sandwich,https://www.instagram.com/p/CkNgnrmA8Re/
Amaranth / Rajgira Kheer,https://fitelo.co/rajgira-kheer/
Cucumber Salad,https://fitelo.co/cucumber-salad-recipe/
Soybean Salad,https://fitelo.co/soybean-salad/
Tomato Dhaniya Shorba,https://fitelo.co/tomato-dhaniya-shorba/
Makhana Cucumber Salad,https://fitelo.co/makhana-salad/
Ghiya Kheer,https://fitelo.co/lauki-ki-kheer/
Sprouts Jalfrezi,https://fitelo.co/sprouts-jalfrezi/
Chana Soya Chaat,https://fitelo.co/channa-soya-chaat-recipe/
Dhokla,https://fitelo.co/dhokla-recipe/
Infused Water,https://fitelo.co/infused-water-recipe/
Coconut Pancake,https://fitelo.co/coconut-pancake-recipe/
Oats Chia Seed Pudding,https://www.instagram.com/p/Cng5EhrAeeM/
Apple Shake,https://fitelo.co/apple-shake/
Cheese Chilli,https://fitelo.co/cheese-chilli-recipe/
Moong Dal Paratha,https://www.instagram.com/p/CgZuV0hhP8Y/
Oats Toast,https://www.instagram.com/p/CmOgNhpgkz2/
Weight Loss Khichdi,https://www.instagram.com/p/Cl1WZgahl7Q/
Lemon Water,https://fitelo.co/lemon-water-recipe/
Gajar Halwa,https://fitelo.co/gajar-ka-halwa-recipe/
Soaked Almonds,https://fitelo.co/how-to-soak-almonds/
Cabbage Soup,https://fitelo.co/cabbage-soup-recipe/
Bay Leaf And Cinnamon Tea,https://fitelo.co/bay-leaf-and-cinnamon/
Butternut Squash Soup,https://fitelo.co/butternut-squash-soup/
Curd Oats,https://fitelo.co/curd-oats-recipe/
Diet Brownie,https://fitelo.co/diet-brownies/
Apple Cucumber Slush,https://taste.co.za/recipes/cucumber-and-apple-slush/
Dahi Bhalla,https://fitelo.co/dahi-bhalla/
Celery Soup,https://fitelo.co/celery-soup/
Egg & Veggie Stir Fry,https://fitelo.co/egg-veggie-stir-fry-recipe/
Papaya Curd Smoothie,https://fitelo.co/papaya-curd-smoothie/
Cold Pasta Salad,https://fitelo.co/cold-pasta-salad-recipe/
Greek Yogurt Berry Smoothie,https://fitelo.co/greek-yogurt-berry-smoothie-recipe/
Rainbow Sandwich,https://fitelo.co/rainbow-sandwich/
Egg Salad,https://fitelo.co/egg-salad/
Garden Fresh Salad,https://fitelo.co/fresh-garden-salad-recipe/
Potato Salad,https://fitelo.co/potato-salad-recipe/
Cinnamon Milk,https://fitelo.co/cinnamon-milk/
Gluten-Free Missi Roti,https://fitelo.co/missi-roti-recipe/
Cucumber Kiwi Smoothie,https://fitelo.co/cucumber-kiwi-smoothie
Vegetable Sandwich,https://fitelo.co/veg-sandwich/
Bran Flake Chaat,https://fitelo.co/chaat-recipe/
Moong Dal Khichdi,https://fitelo.co/moong-dal-khichdi-recipe/
Egg White Sandwich,https://fitelo.co/egg-white-sandwich-recipe/
Mixed Fruit Smoothie,https://fitelo.co/mixed-fruit-smoothie
Whole Wheat Vegetable Pasta,https://fitelo.co/whole-wheat-vegetable-pasta-recipe/
Chicken Salad,https://fitelo.co/chicken-salad-recipe-indian/
Sauteed Vegetables,https://fitelo.co/sauteed-vegetables-recipe/
Ajwain Cinnamon Water,https://fitelo.co/ajwain-cinnamon-water/
Aloo Chaat,https://fitelo.co/aloo-chaat-recipe/
Malai Broccoli,https://fitelo.co/malai-broccoli-recipe/
Fruit Custard,https://fitelo.co/fruit-custard-recipe/
Poha,https://fitelo.co/is-poha-good-for-weight-loss/
Veg Kathi Roll,https://fitelo.co/veg-kathi-roll/
Moong Dal Shorba,https://fitelo.co/moong-dal-tadka-recipe/
Apple Halwa,https://www.instagram.com/p/CjNd3xfhCr0/
Oats Rava Idli,https://fitelo.co/oats-rava-idli-recipe/
Vegetable Maggi,https://www.instagram.com/p/CaNIJqyBZ3y/
Mix Veg Soup,https://fitelo.co/mix-veg-soup/
Peach Stew,https://fitelo.co/peach-stew-recipe/
Broken Wheat Porridge,https://fitelo.co/broken-wheat-recipe/
Sweet Potato Soup,https://www.instagram.com/p/Ckyb8k2AoSm/
Soyabean Chaat,"https://fitelo.co/soybean-chaat/#:~:text=In%20a%20pan%2C%20add%20soya,coriander%20leaves%20if%20you%20want."
Paneer Kathi Roll,https://fitelo.co/paneer-kathi-roll/
Quinoa Pulao,https://fitelo.co/quinoa-pulao/
Besan Cheela,https://fitelo.co/besan-chilla/
Ragi Idli,https://fitelo.co/ragi-idli/
Tofu Bhurji,https://fitelo.co/tofu-bhurji/
Paneer Curry,https://fitelo.co/paneer-curry-recipe/
Chia Porridge,https://fitelo.co/chia-porridge-recipe/
Oats In Water,https://fitelo.co/how-to-make-oats-in-water/
Sattu Water,https://fitelo.co/sattu-drink/
Corn Chaat,https://fitelo.co/corn-chaat-recipe/
Pineapple Slush,https://fitelo.co/pineapple-slush/
Hung Curd Sandwich,https://fitelo.co/hung-curd-sandwich/
Iceberg Lettuce Chicken Salad,https://fitelo.co/iceberg-lettuce-chicken-salad/
Green Smoothie,https://fitelo.co/green-smoothie/
Kiwi Slush,https://fitelo.co/kiwi-slush/
Peach Smoothie,https://fitelo.co/weight-loss-peach-smoothie/
Pear Orange Smoothie,https://fitelo.co/orange-smoothie/
Tofu Capsicum Bhurji,https://fitelo.co/tofu-bhurji/
Rajma Stuffed Paratha,https://fitelo.co/rajma-stuffed-paratha/
Lemon Coriander Soup,https://fitelo.co/lemon-coriander-soup-recipe/
Coriander Mint Detox Water,https://fitelo.co/coriander-and-mint-detox-water/
Methi Water,https://fitelo.co/methi-water/
Sauteed Veggies,https://fitelo.co/sauteed-vegetables-recipe/
Lemon Mint Water,https://fitelo.co/lemon-mint-water/
Saunf Water,https://fitelo.co/saunf-water/
Apple Cider Vinegar,https://fitelo.co/apple-cider-vinegar-for-weight-loss/
Jeera Water,https://fitelo.co/jeera-water-for-weight-loss/
Avocado Chickpea Salad,https://fitelo.co/mixed-salad/
Jeera Dhania Water,https://fitelo.co/jeera-and-dhania-water-for-weight-loss/
Ragi Cheela,https://fitelo.co/ragi-cheela-recipe/
Sambhar,https://fitelo.co/sambhar-recipe/
White Chana Chaat,https://fitelo.co/chana-chaat-recipe/
Tomato Salad,https://fitelo.co/tomato-salad-recipe/
Papaya Shake,https://fitelo.co/papaya-shake/
Moong Dal Appe/Paniyaram (Gluten Free),https://fitelo.co/green-appe-recipe/
Sooji Upma,https://fitelo.co/sooji-upma-recipe/
Mushroom Tikka,https://fitelo.co/mushroom-tikka-recipe/
Buckwheat Porridge,https://fitelo.co/buckwheat-porridge/
Chicken Soup,https://fitelo.co/chicken-soup/
Aloo tikki,https://fitelo.co/aloo-patty-recipe/
Paneer Salad,https://fitelo.co/paneer-salad-recipe/
Masala Moong Sprouts,https://fitelo.co/masala-moong-sprouts-recipe/
Cheese Tomato,https://fitelo.co/cheese-tomato-recipe/
Watermelon Slush,https://www.instagram.com/p/CcNx1KIAep8/
Grilled Chicken Breast,https://fitelo.co/grilled-chicken-breast/
Kuttu Pulao,https://fitelo.co/buckwheat-pulao-recipe/
Apple Cinnamon Detox Water,https://fitelo.co/detox-water/
Saunf And Jaggery Water,https://fitelo.co/healthy-water/
Banana Nice Cream,https://fitelo.co/banana-ice-cream/
Mango Milkshake,https://fitelo.co/mango-milkshake-recipe/
Pumpkin Halwa,https://fitelo.co/pumpkin-halwa-recipe/
Vermicelli,https://fitelo.co/vermicelli-recipe/
Deviled Eggs,https://fitelo.co/deviled-eggs/
Hummus,https://fitelo.co/hummus-recipe/
Pani Puri (Air-Fried),https://fitelo.co/pani-puri/
Rice And Urad Dal Dosa,https://fitelo.co/rice-flour-dosa-recipe/
Wheat Flour Momos,https://fitelo.co/wheat-momos-recipe/
Cauliflower Rice,https://fitelo.co/cauliflower-rice
Baked Potatoes,https://fitelo.co/baked-potato-recipe/
Almond Flour Roti,https://fitelo.co/almond-flour-roti-recipe/
Home Made Oats Milk,https://fitelo.co/oat-milk-recipe/
Chocolate Banana Nice Cream,https://fitelo.co/banana-ice-cream/
Iced Coffee,https://fitelo.co/iced-coffee-recipe/
Salmon Salad,https://fitelo.co/salmon-salad/
Baked Avocado,https://fitelo.co/baked-avocado-recipe/
Almond Flour Pancake,https://fitelo.co/almond-flour-pancake/
Rose Tea,https://www.instagram.com/p/ClqOF6xgY3A/
Chickpea Stew,https://fitelo.co/chickpea-stew/
Moong Dal Idli,https://fitelo.co/rava-moong-idli-recipe/
Hibiscus Infused Water,https://fitelo.co/hibiscus-water/
Peanut Butter,https://fitelo.co/peanut-butter-recipe-indian/
Peanut Butter Cookies,https://www.instagram.com/p/CmlmH5SAYrL/
Chicken Chilli,https://fitelo.co/chicken-chili/
Vegetable Lentil Soup,https://fitelo.co/lentil-soup-recipe-indian/
Banana Milkshake,https://fitelo.co/banana-shake-for-weight-gain/
Peanut Butter With Cucumber Sandwich,https://fitelo.co/peanut-butter-sandwich-recipe/
Banana Smoothie,https://fitelo.co/banana-curd-smoothie/
Rainbow Omelette,https://fitelo.co/rainbow-omelette/
Wheat Bread Pizza,https://fitelo.co/wheat-bread-pizza-recipe/
Pumpkin Soup,https://fitelo.co/pumpkin-soup-/
Amaranth Upma,https://fitelo.co/rajgira-upma/
Whole Wheat Banana Pancake,https://fitelo.co/whole-wheat-pancake-recipe/
White Bean Salad (Lobia),https://fitelo.co/baked-beans-recipe/
Grilled Fish,https://fitelo.co/grilled-fish/
Guava Chaat,https://fitelo.co/chatpata-guavava-chaat/
Egg Curry,https://fitelo.co/simple-egg-curry-recipe/
Almond Flour Halwa,https://fitelo.co/gluten-free-almond-flour-halwa/
Pav Bhaji,https://fitelo.co/best-pav-bhaji-recipe/
Tuna Chana Salad,https://fitelo.co/tuna-and-white-bean-salad-recipe/
Chole Kulche,https://fitelo.co/chole-kulche-recipe/
Besan Sheera,https://fitelo.co/besan-ka-sheera-recipe/
Maggi Noodles Cutlet,https://fitelo.co/maggi-noodles-cutlet-recipe/
Hummus With Veggie Sticks,https://fitelo.co/hummus-with-veggie-sticks/
Avocado Toast With Sunny Side Egg,https://fitelo.co/avocado-toast-with-sunny-side-up-egg/
Brown Rice Dosa,https://fitelo.co/brown-rice-dosa/
Baked Eggs With Mushrooms And Spinach,https://fitelo.co/baked-eggs-with-mushrooms-and-spinach-recipe/
Watermelon Popsicles,https://fitelo.co/watermelon-ice-cream-recipe/
Jaun Cheela,https://fitelo.co/jaun-cheela-recipe/
Ginger Mint Water,https://fitelo.co/ginger-mint-water/
Masala Milk,https://fitelo.co/masala-milk/
Poha Cutlet,https://fitelo.co/poha-cutlet-recipe/
Nourisher Soup,https://fitelo.co/healthy-vegetable-soup/
Vegetable Dalia Khichdi,https://fitelo.co/vegetable-dalia-khichdi-/
Avocado Roti Wrap,https://fitelo.co/avocado-veggie-wrap/
Tamarind Rice,https://fitelo.co/tamarind-rice-recipe/
Rice And Besan Pancake,https://fitelo.co/rice-and-besan-pancake/
Cranberry Sauce,https://fitelo.co/cranberry-sauce-recipe/
Parsley Mushroom Salad,https://fitelo.co/parsley-mushroom-salad-recipe/
Chia Seed Pudding,https://www.instagram.com/p/CgjI_d4AllI/
Bell Peppers Zest,https://fitelo.co/bell-peppers-zest-recipe/
Red Bell Pepper Hummus,https://fitelo.co/red-bell-pepper-hummus/
Singhara Halwa,https://fitelo.co/singhara-halwa-recipe/
Quinoa Veg Soup,https://fitelo.co/quinoa-veg-soup-recipe/
Jaun Water,https://fitelo.co/the-jaun-water-recipe/
Baked Atta Cookies,https://fitelo.co/baked-atta-cookies-recipe/
Coconut Beetroot Sabzi,https://fitelo.co/beetroot-and-coconut-sabzi-recipe/
Tomato Basil Bruschetta,https://fitelo.co/tomato-basil-bruschetta-recipe/
Cucumber Zest,https://fitelo.co/cucumber-zest-recipe/
Brown Rice Cutlets,https://fitelo.co/brown-rice-cutlets-recipe/
Mango Chia Seed Pudding,https://fitelo.co/mango-chia-seed-pudding-recipe/
Pomegranate Chana Salad,https://fitelo.co/green-chickpea-salad-recipe/
Vegan Sunshine Smoothie,https://fitelo.co/sunshine-smoothie-recipe/
Ginger Lemon Rasam,https://fitelo.co/ginger-lemon-rasam-recipe/
Baingan Kachri,https://fitelo.co/baingan-kachri-recipe/
Pumpkin Aloo Tikki,https://fitelo.co/pumpkin-aloo-tikki-recipe/
Moong Dal Toast,https://www.instagram.com/p/CfoqVZEB1zg/
Quinoa Chilla,https://fitelo.co/quinoa-chilla/
Anti-Bloating Smoothie,https://fitelo.co/anti-bloating-smoothie-recipe/
Fitelo Deep Sleep Chamomile Tea or any other chamomile tea (caffeine free),https://fitelo.co/chamomile-tea/
Lettuce Chicken Roll,https://fitelo.co/lettuce-chicken-roll-recipe/
Kiwi Detox Slush,https://fitelo.co/kiwi-detox-slush-recipe/
Nourisher Juice,https://fitelo.co/the-nourisher-juice-recipe/
Egg Bhurji Roll,https://fitelo.co/egg-bhurji-roll-/
Elaichi Water,https://fitelo.co/the-elaichi-water-recipe/
Falooda,https://fitelo.co/fitelo-special-falooda-recipe/
Makhana Kheer,https://fitelo.co/makhana-kheer-recipe/
Mango Lassi,https://fitelo.co/mango-lassi-recipe/
Guava Chutney,https://fitelo.co/guava-chutney-recipe/
Jaljeera,https://fitelo.co/the-jaljeera-recipe/
Banana Nut Shake,https://fitelo.co/healthy-banana-nut-shake-recipe/
Sweet And Salty Khichdi,https://fitelo.co/sweet-and-salty-khichdi-recipe/
Mixed Fruit Curd Oatmeal Smoothie,https://fitelo.co/mixed-fruit-curd-oatmeal-smoothie-recipe/
Chocolate Strawberry Loaf,https://fitelo.co/bread-loaf-recipe/
Buddha Bowl,https://fitelo.co/the-buddha-bowl/
Makhana Raita,https://fitelo.co/makhana-raita/
Pea Pancake,https://fitelo.co/pea-pancake-recipe/
Gut Friendly Smoothie,https://fitelo.co/gut-friendly-smoothie-recipe/
Skin Glow Shot,https://www.instagram.com/p/CZ9ZhIWBsMN/
Rainbow Dumpling,https://fitelo.co/rainbow-dumpling-recipe/
Masala Chaas,https://fitelo.co/masala-chaas/
Hung Curd,https://fitelo.co/hung-curd-with-basil-seeds/
Chili Paneer Maggi,https://fitelo.co/chili-paneer-maggi/
Tomato Raita,https://fitelo.co/tomato-raita-recipe/
Ambe dal,https://fitelo.co/ambe-dal-recipe/
Ragi Malt,https://fitelo.co/the-ragi-malt-recipe/
Spinach Pulao,https://fitelo.co/spinach-pulao-recipe/
Tomato Soup,https://fitelo.co/tomato-soup/
High-Protein Idli,https://fitelo.co/weight-loss-high-protein-idli-recipe/
Baked Tomato Cups,https://fitelo.co/baked-tomato-cups/
Immunity Wali Coffee,https://fitelo.co/immunity-wali-coffee-recipe/
Egg White Pav Bhaji,https://fitelo.co/egg-white-pao-bhaji-recipe/
Masala Makhana,https://fitelo.co/masala-makhana-recipe/
Sprout Dahi Chaat,https://fitelo.co/healthy-sprout-dahi-chaat-recipe/
Crunchy Lollipop,https://fitelo.co/crunchy-lollipop-recipe/
Pot Shrimps And Broccoli,https://fitelo.co/instant-pot-shrimps-and-broccoli-recipe/
Apple Lettuce Salad,https://fitelo.co/apple-lettuce-salad-recipe/
Watermelon Salad,https://fitelo.co/watermelon-salad-recipe/
Colocasia Leaves Roll,https://fitelo.co/colocasia-leaves-roll-patrode-recipe/
Chicken Kathi Roll,https://fitelo.co/chicken-kathi-roll-recipe/
Potato And Corn Stuffed Roll,https://fitelo.co/potato-and-corn-stuffed-roll-recipe/
Chocolate Ice-Cream Oats,https://fitelo.co/chocolate-ice-cream-oats/
Carrot Egg Sandwich,https://fitelo.co/carrot-egg-sandwich-recipe/
Chicken Momos,https://fitelo.co/chicken-momos-recipe/
Hot Dog Roll,https://fitelo.co/hot-dog-roll-recipe/
Vegetables With Garlic Sauce,https://fitelo.co/exotic-vegetables-with-garlic-sauce-recipe/
Chilli Soya,https://fitelo.co/soya-tikka-recipe-2/
Beetroot Khichdi,https://fitelo.co/beetroot-khichdi-recipe/
Beetroot Oats Chilla,https://www.instagram.com/p/CkX6abgAaFm/
Masala Pav,https://fitelo.co/mumbai-style-masala-pav-recipe/
Potato Rosti,https://fitelo.co/potato-rosti-recipe/
Sweet Chilli Almonds,https://fitelo.co/sweet-chilli-almonds-recipe/
Cauliflower Egg Pizza,https://fitelo.co/cauliflower-egg-pizza-recipe/
Zucchini Salad,https://fitelo.co/zucchini-salad-recipe/
Mango Salad,https://fitelo.co/mango-salad-recipe/
Zoodles,https://fitelo.co/zoodles-recipe/
Mint Lemon Tea,https://fitelo.co/mint-and-lemon-tea-recipe/
Pear Feta Cheese Salad,https://fitelo.co/pear-feta-cheese-salad/
Raw Papaya Salad,https://fitelo.co/raw-papaya-salad-recipe/
Chilled Elaichi Milk,https://fitelo.co/chilled-elaichi-milk-recipe/
Ram Ladoo Chaat,https://fitelo.co/ram-ladoo-chaat-recipe/
Banana Raita,https://fitelo.co/banana-raita-recipe/
Sprouts Dosa,https://www.instagram.com/p/CiSh1xDhMHi/
Oatmeal Cake,https://fitelo.co/healthy-oatmeal-cake-recipe/
Papaya Pancake,https://fitelo.co/papaya-pancake-recipe/
Tomato Basil Pasta,https://fitelo.co/tomato-basil-pasta-recipe/
Mustard Sauce,https://fitelo.co/mustard-sauce/
Barley Tea,https://fitelo.co/barley-tea-recipe/
Banana Chocolate Lollipop,https://fitelo.co/banana-chocolate-lollipop-recipe/
Cauliflower Poha,https://fitelo.co/low-carb-poha-recipe/
Summer Green Cleanser,https://fitelo.co/summer-green-cleanser-recipe/
Avocado Toast,https://www.instagram.com/p/Ck_VTMTAZGe/
Chia Seed Water,https://fitelo.co/chia-seed-water/
Coffee Chia Smoothie,https://fitelo.co/coffee-chia-smoothie-recipe/
Lauki Dhokla,https://fitelo.co/the-lauki-dhokla-recipe/
Plum Shake,https://fitelo.co/plum-shake-recipe/
Dal Oats Roti,https://fitelo.co/dal-oats-roti-recipe/
Chocolate Peanut Butter Pudding,https://fitelo.co/chocolate-peanut-butter-pudding-recipe/
South Indian Raita,https://fitelo.co/south-indian-raita-recipe/
Spicy Grilled Prawns Salad,https://fitelo.co/spicy-grilled-prawns-salad/
Vegan Pumpkin Smoothie,https://fitelo.co/vegan-pumpkin-smoothie-recipe/
Soya Sandwich,https://fitelo.co/high-protein-soya-sandwich-recipe/
Turai Rice Soup,https://fitelo.co/turai-rice-soup-recipe/
Srikhand,https://fitelo.co/low-calorie-srikhand-recipe/
Khandvi,https://fitelo.co/khandvi-recipe/
Mexican Taco,https://fitelo.co/mexican-wrap-recipe/
Filter Coffee,https://fitelo.co/filter-coffee-recipe/
English Potato Salad,https://fitelo.co/potato-salad-recipe-2/
Herbal Belly Tea,https://fitelo.co/herbal-belly-tea-recipe/
Mango Beetroot Smoothie,https://fitelo.co/mango-beetroot-smoothie-recipe/
Egg Keema,https://fitelo.co/egg-keema-recipe/
Vegetable Tofu Dumpling,https://fitelo.co/vegetable-tofu-dumpling-recipe/
Palak Dhokla,https://fitelo.co/the-palak-dhokla-recipe/
Mushroom Stir Fry,https://fitelo.co/mushroom-stir-fry-recipe/
Millet Upma,https://fitelo.co/millet-upma-recipe/
Crunchy Cucumber Cups,https://fitelo.co/crunchy-cucumber-cups/
Spinch Oats Cheela,https://fitelo.co/palak-oats-chilla-recipe/
Quinoa & Black Chana Tikki,https://fitelo.co/high-protein-snack-recipe/
Banana Bread,https://fitelo.co/banana-bread-recipe/
Pear And Walnut Salad,https://fitelo.co/pear-and-walnut-salad-recipe/
Green Hummus,https://fitelo.co/green-hummus-recipe/
Makhana Ladoo,https://fitelo.co/makhana-ladoo-recipe/
Frozen Yogurt Bar,https://fitelo.co/frozen-yogurt-bar-recipe/
Orange Raita,https://fitelo.co/orange-raita-recipe/
Zucchini Bruschetta,https://fitelo.co/zucchini-bruschetta-recipe/
Pear Banana Green Smoothie,https://fitelo.co/pear-banana-fruit-smoothie-recipe/
Sabudana Vada Pops,https://fitelo.co/sabudana-vada-pops-recipe/
Banana Prunes Curd Smoothie,https://fitelo.co/banana-prunes-curd-smoothie-recipe/
Carrot Salad,https://fitelo.co/carrot-salad/
Quinoa Dosa,https://fitelo.co/quinoa-dosa-recipe/
Butternut Squash Orzo,https://fitelo.co/butternut-squash-orzo-recipe/
Black Bean Soup,https://fitelo.co/black-bean-soup-recipe/
Creamy Mashed Cauliflower Dip,https://fitelo.co/creamy-mashed-cauliflower-dip-recipe/
Cabbage Roll,https://fitelo.co/cabbage-roll-recipe/
Sweet Potato Halwa,https://fitelo.co/the-sweet-potato-halwa-recipe/
Spinach Feta Pancake,https://fitelo.co/spinach-feta-pancake-recipe/
Tomato Juice,https://fitelo.co/tomato-juice/
Tomato Basil Salad,https://fitelo.co/tomato-basil-salad-recipe/
Potato Leek Soup,https://fitelo.co/the-potato-and-leek-soup-recipe/
Grapefruit Raita,https://fitelo.co/the-grapefruit-raita-recipe/
Suji Halwa,https://fitelo.co/sooji-halwa-recipe/
Bathua Raita,https://fitelo.co/the-bathua-raita-recipe/
Carrot Celery Juice,https://fitelo.co/carrot-celery-juice/
Buckwheat Salad,https://fitelo.co/the-buckwheat-salad-recipe/
Quinoa Aloo Spinach Kebab,https://fitelo.co/quinoa-spinach-kebab-recipe/
Vegetable Shumai,https://fitelo.co/vegetable-shumai-recipe/
Pinni,https://fitelo.co/weight-loss-pinni-recipe/
Abc Juice,https://fitelo.co/abc-juice/
Sweet Potato Thepla,https://fitelo.co/the-sweet-potato-thepla-recipe/
Pumpkin Biryani,https://fitelo.co/pumpkin-biryani-recipe/
Carrot Fries,https://fitelo.co/carrot-fries/
Mushroom Pepper Fry,https://fitelo.co/mushroom-pepper-fry/
Citrus Yogurt Bowl,https://fitelo.co/yogurt-bowl/
Blueberry Ice Cream,https://fitelo.co/blueberry-ice-cream/
Citrus Juice,https://fitelo.co/the-citrus-juice-recipe/
Coconut Rice,https://fitelo.co/coconut-rice-recipe/
Burmese Khao Suey,https://fitelo.co/khao-suey/
Biotin Laddu,https://fitelo.co/biotin-laddu/
Face Glow Shot,https://fitelo.co/face-glow-shot-recipe/
Rasam,https://fitelo.co/pepper-rasam-recipe/
Chocolate Milk,https://fitelo.co/chocolate-milk/
Tingmo,https://fitelo.co/tingmo-recipe/
Moonglet,https://fitelo.co/moonglet-recipe/
Apple Cupcake,https://fitelo.co/apple-cupcake-recipe/
Sukha Bhel,https://fitelo.co/sukha-bhel-recipe/
Rice Appe,https://fitelo.co/appe-recipe/
Lasuni Methi Sabji,https://fitelo.co/lasuni-methi-sabji-recipe/
Millet Pongal,https://fitelo.co/millet-recipe-for-weight-loss/
Oats Brownie,https://fitelo.co/oats-brownie-recipe/
Sweet Potato Pizza,https://fitelo.co/sweet-potato-pizza/
Soya Momos,https://fitelo.co/soya-momos-recipe/
Pina Colada (For Weight Gain),https://fitelo.co/the-pina-colada-recipe/
Grapefruit Juice,https://fitelo.co/grapefruit-juice-recipe/
Wheatgrass Juice,https://fitelo.co/wheatgrass-juice-recipe/
Raspberry Juice,https://fitelo.co/the-raspberry-juice/
Sattu Paratha,https://fitelo.co/sattu-paratha-recipe/
Red Rice Khichdi,https://fitelo.co/red-rice-khichdi-recipe/
Mishti Doi,https://fitelo.co/mishti-doi/
Vegetable Soup,https://fitelo.co/vegetable-soup-recipe/
Sprout Salad,https://fitelo.co/sprout-salad/
Carrot Kheer,https://fitelo.co/carrot-kheer/
Apple Fruit Salad,https://fitelo.co/apple-fruit/
Amritsari Kulcha,https://fitelo.co/amritsari-kulcha/
Chicken In Vegetable Skillet,https://fitelo.co/chicken-in-a-vegetable-skillet/
Kfc Popcorn Chicken,https://fitelo.co/kfc-popcorn-chicken/
Kesar Kulfi,https://www.instagram.com/p/CdyCLrMhMij/
Matcha Chia Pudding,https://fitelo.co/matcha-chia-pudding-recipe/
Lauki Raita,https://fitelo.co/lauki-ka-raita/
Dabeli,https://fitelo.co/dabeli/
Aam Panna,https://fitelo.co/benefits-of-aam-panna/
Ragi Jowar Roti,https://fitelo.co/ragi-jowar-roti/
Roasted Corn,https://fitelo.co/roasted-corn/
Fruit Raita,https://fitelo.co/fruit-raita/
Roasted Makhana,https://fitelo.co/roasted-makhana-recipe/
Zucchini Soup,https://fitelo.co/zucchini-soup/
Mango-Banana Nice Cream,https://fitelo.co/nice-cream/
Bhindi Fry,https://fitelo.co/bhindi-fry/
Bhindi Do Pyaza,https://fitelo.co/bhindi-do-pyaza-recipe/
Onion Pakoda,https://fitelo.co/onion-pakoda-recipe/
Hyderabadi Biryani,https://fitelo.co/hyderabadi-biryani/
Lauki Barfi,https://fitelo.co/lauki-ki-barfi/
Grilled Sandwich,https://fitelo.co/grilled-sandwich/
Modak,https://fitelo.co/modak-recipe/
Moong Dal Soup,https://fitelo.co/moong-dal-recipe-for-soup/
Sattu Laddu,https://fitelo.co/laddu-recipe/
Sweet Potato Oats Patty,https://fitelo.co/sweet-potato-oats-patty/
Moong Dal Chilla,https://fitelo.co/moong-dal-chilla/
Mushroom Pulao,https://fitelo.co/mushroom-pulao/
Jamun Shots,https://fitelo.co/jamun-shots/
Zucchini Noodles,https://fitelo.co/zucchini-noodles-recipe/
Aloo Tikki Burger,https://fitelo.co/veg-burger/
Rajma Chawal,https://fitelo.co/rajma-chawal/
Boiled Eggs,https://fitelo.co/fat-in-eggs/
Sweet Potato,https://fitelo.co/sweet-potato-recipe/
Moong Dal Bread Toast,https://fitelo.co/moong-dal-bread-toast/
Guacamole,https://fitelo.co/guacamole-recipe/
Roasted Chickpeas,https://fitelo.co/roasted-chickpeas/
Khakhra,https://fitelo.co/khakhra-recipe/
Palak Chaat,https://fitelo.co/palak-chaat-recipe/
Tikki Chaat,https://fitelo.co/tikki-chaat-recipe/
Chocolate,https://fitelo.co/homemade-chocolate/
Veg Clear Soup,https://fitelo.co/veg-clear-soup-recipe/
Chicken Curry,https://fitelo.co/chicken-curry-recipe/
Black Channa Chaat,https://fitelo.co/chickpea-salad/
Mushroom Onion Roti,https://fitelo.co/mushroom-paratha/
Tomato Cabbage Soup,https://fitelo.co/tomato-cabbage-soup/
Tomato Spinach Soup,https://fitelo.co/tomato-and-spinach-soup/
Oats Maggi,https://fitelo.co/oats-maggi-recipe/
Malai Paneer Kofta,https://fitelo.co/malai-kofta-recipe/
Dhania Water,https://fitelo.co/coriander-water-recipe/
Egg Drop Soup,https://fitelo.co/egg-drop-soup/
Veg Galouti Kebab,https://fitelo.co/veg-galouti-kebab-recipe/
Ajwain Saunf Tea,https://fitelo.co/ajwain-tea/
Curd Rice,https://fitelo.co/curd-rice/
Banana Chips,https://fitelo.co/banana-chips/
Lauki Soup,https://fitelo.co/lauki-soup-recipe/
Barley Water,https://fitelo.co/barley-water-recipe/
Grilled Pineapple,https://fitelo.co/grilled-pineapple-recipe/
Soybean Dal Chaat,https://fitelo.co/soybean-chaat/
Mixed Vegetable Raita,https://fitelo.co/mixed-vegetable-raita/
Oats Masala Vada,https://fitelo.co/oats-masala-vada-recipe/
Pumpkin Sabzi Dry,https://fitelo.co/pumpkin-curry-recipe/
Pineapple Smoothie,https://fitelo.co/pineapple-smoothie-recipe/
Mango Dahi Bhalla,https://www.instagram.com/p/Chz18qTgOfB/
Mac Singhs Aam Panna,https://www.instagram.com/p/CfgOz9bAeV2/
High Protein Dal,https://www.instagram.com/p/CgWFvqNBliX
Shahi Paneer (Zero Oil),https://www.instagram.com/p/CiHwIKIAdvB/
Sprout Idli,https://www.instagram.com/p/CoHCX3lAe5q/
Paneer Sandwich,https://www.instagram.com/p/CmJSJ8zga2J/
Muskmelon Smoothie,https://fitelo.co/muskmelon-smoothie/
Weight Loss Jeera Water,https://www.instagram.com/p/CkVXnSYgIxw/
Low Calorie Amritsari Kulcha,https://www.instagram.com/p/Ck5REhDAcON/
Gurh Almonds,https://www.instagram.com/p/Ckfbxd2A24p/
Mac Singh's Chana Soup,https://www.instagram.com/p/CjaPrhdB1KY/
Gurh Makhana,https://www.instagram.com/p/Ci7tDKJBF8t/
Weight Loss Tikki Chaat,https://www.instagram.com/p/CgqskRsA_AP/
Low Fat Tawa Pakoda,https://www.instagram.com/p/CgKMweXgoao/
Pudina Makhana,https://www.instagram.com/p/Ce6b7PCB2Oa/
Mac Singh's Peach Smoothie,https://www.instagram.com/p/CeoRaezAvu8/
Sprout Chilla,https://www.instagram.com/p/CfbHy16A6U2/
Roti Chips,https://www.instagram.com/p/CeBwmqCBV8M/
Roti Maggi,https://www.instagram.com/p/ClymP5nAhdh/
Weight Loss Daliya Khichdi,https://www.instagram.com/p/ChsAf9ZBV2j/
Besan Oats Chilla,https://www.instagram.com/p/ChoxGdlAiS_/
Weight Loss Parantha,https://www.instagram.com/p/Ccne9hLApx1/
Steamed Dahi Bhalla,https://www.instagram.com/p/CcvJKmUhuum/
Mac Singh's Ghiya Kheer,https://www.instagram.com/p/CbNaT8mhabq/
High Protein Chilla,https://www.instagram.com/p/CbFq6VMBAtR/
Homemade Aloo Tikki Burger,https://www.instagram.com/p/Cno1tbqgssb/
Ghiya Juice,https://www.instagram.com/p/CnvxHI6AmkW/
Low Calorie Pav Bhaji,https://www.instagram.com/p/CnWKAzOgCmn/
Diet Phirni,https://www.instagram.com/p/Cn3h-TnASf1/
Gajrella,https://www.instagram.com/p/Cm03jF0gDdO/
Dahi Makhana,https://www.instagram.com/p/CmgK_dBg0R7/
Metabolism Boost Tulsi Water,https://www.instagram.com/p/CmV0_iMAgfa/
Gurh Revadi,https://www.instagram.com/p/ClvfpmuAok9/
Extreme Weight Loss Green Tea,https://www.instagram.com/p/CmCMVG5AAKc/
Alkaline Water,https://www.instagram.com/p/ClN4CfPgVyy/
Bajre Ki Khichdi,https://fitelo.co/bajre-ki-khichdi-recipe/
Ginger Turmeric Tea,https://www.instagram.com/p/Ck7ydUmAk0R/
Low Calorie Rasgulla,https://www.instagram.com/reel/CjCwdwSgXiE/?hl=en
Low Calorie Wheat Momos,https://www.instagram.com/p/Ci4euBVg2bq/
Low Calorie Fried Rice,https://www.instagram.com/p/CikAmAeBjDC/
Mint Coriander Water,https://www.instagram.com/p/Coj2RFtg2eM/
Negative Calorie Salad,https://www.instagram.com/p/Cie4Nqqg34g/
Weight Loss Tea,https://www.instagram.com/p/CiXR32Nho0M/
Weight Loss Sandwich,https://www.instagram.com/p/Cf9TEWzBOG8/
Protein Jaljeera,http://instagram.com/p/CeGP1HuBYML/
Imli Panna,https://www.instagram.com/p/Cb-WpZHhpo0/
Herbal Tea,https://www.instagram.com/p/Cdn5BUFheI5/
Roti Wrap,https://www.instagram.com/p/Cefz_l-A7D1/
Steamed Poha,https://www.instagram.com/p/CbVHah9hiu9/
Kuttu Wrap,https://www.instagram.com/p/CjLGlY2BxQ1/
Ghiya Soup,https://www.instagram.com/p/CjFP34xAjLx/
Homemade Mango Ice Cream,https://www.instagram.com/p/CcGMYy_hK1Z/
Weight Loss Bhel Puri,https://www.instagram.com/p/Ca2N45QBdjP/
Energy Milk For Kids,https://www.instagram.com/p/Ca96cHKhvLF/
High Protein Chakhna Chaat,https://www.instagram.com/p/CaUmxoFB_Ew/
Weight Loss Makhana Chaat,https://www.instagram.com/p/Cauf8FWBjdz/
Weight Loss Dahi Sandwich,https://www.instagram.com/p/CaFGYKqhXxj/
Weight Loss Bran Flake Bhel Puri,https://www.instagram.com/p/CoKfL33AnQb/
Weight Loss Methi Water,https://www.instagram.com/p/CoUqP2QA2fZ/
Weight Loss Idli,https://www.instagram.com/p/CZ1wdGnBMPs/
Homemade Nutella,https://www.instagram.com/p/Ch_0o_NA1mP/
Weight Loss Hakka Noodles,https://www.instagram.com/p/CicOox7AbwH/
Millet Biryani,https://www.instagram.com/p/CjcdVmVAPSu/
Homemade Karha Parshad,https://www.instagram.com/p/Ckr8oHKgR5l/
Safed Petha Water,https://www.instagram.com/p/CisHvLdhPQe/
Low Calorie Chole Kulcha,https://www.instagram.com/p/CipYK_fBbjS/
Litchi Ice Tea,https://www.instagram.com/p/CelDKTEgfIc/
Grilled Chicken With Roasted Zucchini,https://fitelo.co/grilled-chicken-with-roasted-zucchini/
Acv Chicken Sandwich,https://www.instagram.com/p/CkiPrqVAbnF/
test,https://en.wikipedia.org/wiki/Food#/media/File:Good_Food_Display_-_NCI_Visuals_Online.jpg
Triphala Water,https://fitelo.co/triphala-for-weight-loss/
Sweet Potato Chaat,https://www.instagram.com/p/CjusPP1AJzm/
Muskmelon Slush,https://fitelo.co/muskmelon-slush-recipe/
Decoction Water,https://fitelo.co/decoction-water-recipe/
Wheat Bran Roti,https://fitelo.co/wheat-bran-roti-recipe/
Almond Milk Smoothie,https://fitelo.co/almond-milk-smoothie
Cucumber Mint Slush,https://fitelo.co/cucumber-mint-slush
Tomato Rice,https://fitelo.co/tomato-rice-recipe/
Roasted Vegetables,https://fitelo.co/roasted-vegetables/
Bubble Tea,https://fitelo.co/the-bubble-tea-recipe/
Vegetable Khichdi,https://fitelo.co/vegetable-khichdi-recipe/
Chana Rajma Salad,https://fitelo.co/chickpeas-and-kidney-beans-salad/
Vegetable Multigrain Khichdi,https://fitelo.co/vegetable-multigrain-khichdi-recipe/
Aloo Jeera Raita,https://fitelo.co/aloo-jeera-raita-recipe/
Pomegranate Raita,https://fitelo.co/pomegranate-raita/
Baked Veggies,https://fitelo.co/baked-veggies-recipe/
Keto Baked Zucchini,https://fitelo.co/keto-baked-zucchini-recipes/
Apple Milkshake,https://fitelo.co/apple-milkshake-recipe/
Peach Cucumber Salsa,https://fitelo.co/peach-cucumber-salsa-recipe/
Lemongrass Ice Tea,https://fitelo.co/lemongrass-ice-tea-recipe/
Watermelon Chia Slush,https://fitelo.co/watermelon-chia-slush/
Oats Methi Chilla,https://www.instagram.com/p/CnRB7xaAhvJ/
Chicken And Basil Stir Fry,https://fitelo.co/chicken-and-basil-stir-fry-recipe/
Lemon Rice,https://fitelo.co/lemon-rice-recipe/
Tomato Rasam,https://fitelo.co/tomato-rasam-recipe/
Broccoli Soup,https://fitelo.co/broccoli-soup/
Weight Loss Oats Cookies,https://www.instagram.com/p/CiK9NXdhCTS/
Chilled Green Smoothie,https://fitelo.co/green-smoothie-recipe/
Chana Dal Pulao,https://fitelo.co/chana-dal-pulao-recipe/
Beetroot and Moong Dal Salad,https://fitelo.co/beetroot-salad-recipe/
Fat Cutter Chai,https://www.instagram.com/p/CZmLA90Bt2o/
Fat Cutter Ice Coffee,https://www.instagram.com/p/Cbu9EwmBCJG/
Cauliflower Curry,https://fitelo.co/the-cauliflower-curry-recipe/
Avocado Blueberry Smoothie,https://fitelo.co/avocado-blueberry-smoothie-bowl-recipe/
Fruit Yogurt Parfait,https://fitelo.co/yogurt-parfait-recipe/
Mint And Basil Lemonade,https://fitelo.co/mint-and-basil-lemonade/
Mango Lassi In Oats,https://fitelo.co/mango-lassi-in-overnight-oats-recipe/
Sattu Pancake,https://fitelo.co/sattu-pancake-recipe/
Anjeer Kheer,https://fitelo.co/the-anjeer-kheer-recipe/
Taco Beans,https://fitelo.co/tacos-recipe/
Dahi Chicken,https://fitelo.co/low-fat-dahi-chicken-recipe/
Vegan Tofu Burger,https://fitelo.co/vegan-tofu-burger-recipe/
Super Green Juice,https://fitelo.co/super-green-juice-recipe/
Chicken Cutlet,https://fitelo.co/chicken-cutlet-recipe/
Alu Vegetable Cutlet,https://fitelo.co/vegetable-cutlet-recipe/
Non-Dairy Kadhi,https://fitelo.co/non-dairy-kadhi-recipe/
Masala Oats,https://fitelo.co/masala-oats/
Plain Rava Idli,https://fitelo.co/rava-idli-recipe/
Oats Upma,https://fitelo.co/oats-upma-recipe/
Ghiya Oats Cutlets,https://fitelo.co/ghiya-oats-cutlets-recipe/
Aloo Gobhi Parantha,https://fitelo.co/gut-friendly-paratha-recipe/
Appam,https://fitelo.co/the-appam-recipe/
Apple Oats,https://fitelo.co/apple-pie-oatmeal-recipe/
Egg Crepe,https://fitelo.co/egg-crepe-recipe/
Palak Dal Khichdi,https://fitelo.co/palak-dal-khichdi-recipe/
Low Carb Bread,https://fitelo.co/low-carb-bread-recipe/
Ajwain Water,https://fitelo.co/ajwain-water-for-weight-loss/
Masala Idli,https://fitelo.co/masala-idli-recipe/
Nachos Salad,https://fitelo.co/nachos-salad-recipe/
Thepla,https://fitelo.co/thepla-recipe/
Oats Dahi Tadka,https://fitelo.co/oats-dahi-tadka-recipe/
Lauki Chilla,https://fitelo.co/lauki-chilla/
Oats Rava Dosa,https://fitelo.co/the-oats-dosa-recipe/
Papaya Smoothie,https://www.instagram.com/p/Cj45tDUApUW/
Kala Chana Cutlet,https://fitelo.co/kala-chana-cutlet/
Black Chickpea Salad,https://fitelo.co/chickpea-salad/
White Sauce Pasta,https://www.instagram.com/p/Ch4Zr8vhgpb/
Weight Loss Cold Coffee,https://www.instagram.com/p/CjxUNBbA3id/
Walnut Oats Brownie,https://www.instagram.com/p/CbnMFnHhZP5/
Pumpkin Stuffed Paratha,https://fitelo.co/pumpkin-parantha-for-weight-loss/
Moong Dal Bhelpuri,https://fitelo.co/moong-dal-bhelpuri-/
Banana Pancake,https://fitelo.co/the-banana-pancake-recipe/
Poached Eggs On Toast,https://fitelo.co/poached-eggs-in-water/
Moong Dal Dosa,https://fitelo.co/green-gram-dosa-recipe/
Mushroom Spinach Omelette,https://fitelo.co/mushroom-spinach-omelette/
Bhel Puri,https://fitelo.co/bhel-puri-recipe/
Banana Blueberry Smoothie,https://fitelo.co/banana-blueberry-smoothie-recipe/
Fruit Salad,https://fitelo.co/fruit-salad/
Rajma Chaat,https://fitelo.co/bean-salad-recipe/
Oats Chilla,https://fitelo.co/oats-chilla/
Clear Chicken Soup,https://fitelo.co/chicken-clear-soup/
Mushroom Kebab,https://fitelo.co/mushroom-kebab-recipe/
Lemon Chicken,https://fitelo.co/indian-lemon-chicken-recipe/
Kala Chana Chilla,https://fitelo.co/kala-chana-chilla-recipe/
Paneer Grilled Sandwich,https://fitelo.co/paneer-grilled-sandwich/
Ragi Sheera,https://fitelo.co/ragi-sheera/
Chana Soup,https://fitelo.co/chana-soup-recipe/
Pumpkin Curry,https://fitelo.co/pumpkin-curry-recipe/
Low Fat Bread Pakora,https://www.instagram.com/p/CmvlJ5gg-VR/
Jowar Dosa,https://fitelo.co/jowar-dosa-recipe/
Lobia Cutlets,https://fitelo.co/lobia-cutlets-recipe/
Broccoli Paneer Tikki,https://fitelo.co/broccoli-paneer-tikki-recipe/
Peach Weight Loss Smoothie,https://fitelo.co/weight-loss-peach-smoothie/
Bajra Dosa,https://fitelo.co/bajra-dosa-recipe/
Chocolate Coconut Ladoo,https://fitelo.co/chocolate-coconut-ladoo-recipe/
Ragi Palak Tikki,https://fitelo.co/ragi-palak-tikki-recipe/
Vegan Chocolate Milkshake,https://fitelo.co/vegan-chocolate-milkshake-recipe/
Oats Bhelpuri,https://fitelo.co/oats-bhelpuri-recipe/
Baked Beetroot Donuts,https://fitelo.co/baked-beetroot-donuts/
Quinoa Stuffed Bell Peppers,https://fitelo.co/quinoa-stuffed-bell-peppers/
Green Tea Iced Latte,https://fitelo.co/green-tea-iced-latte/
Iced Green Tea,https://fitelo.co/iced-green-tea-latte/
Oats Laddu,https://fitelo.co/the-oats-laddu-recipe/
Paneer Parsley Balls,https://fitelo.co/paneer-parsley-balls-recipe/
Ragi Soup With Vegetables,https://fitelo.co/the-ragi-soup-with-vegetables-recipe/
Banana Apple Porridge,https://fitelo.co/banana-apple-porridge-recipe/
Gluten Free Porridge,https://fitelo.co/the-gluten-free-porridge-recipe/
Oats In Almond Milk,https://fitelo.co/almond-milk-recipe/
Ragi Wheat Kathi Roll,https://fitelo.co/ragi-wheat-kathi-roll/
Weight Loss Tomato Soup,https://www.instagram.com/p/Cl3PzOag8qc/
Hot Chocolate,https://fitelo.co/hot-chocolate/
Yogurt Oatmeal,https://fitelo.co/yogurt-oatmeal-recipe/
Multigrain Porridge,https://fitelo.co/multigrain-porridge/
Multigrain Roti,https://fitelo.co/multi-grain-roti-recipe/
Oats Pancake,https://fitelo.co/oats-pancake/
Oats Cookies,https://fitelo.co/oats-cookies-recipe/
Quinoa Salad,https://fitelo.co/how-to-make-quinoa-salad/
Quinoa Porridge,https://fitelo.co/quinoa-porridge/
Oatmeal Peanut Butter Porridge,https://fitelo.co/oatmeal-peanut-butter-porridge-recipe/
Banana Oatmeal Smoothie,https://fitelo.co/banana-oatmeal-smoothie-recipe/
Chocolate Pudding,https://fitelo.co/chocolate-pudding-recipe/
Oatmeal Smoothie,https://fitelo.co/healthy-oatmeal-smoothie-recipe/
Phool Makhana Parantha,https://fitelo.co/phool-makhana-parantha-recipe/
Superfood Tikki,https://fitelo.co/superfood-tikki-recipe/
Quinoa Fritters,https://fitelo.co/quinoa-fritters-recipe/
Chocolate Ragi Kulcha,https://fitelo.co/chocolate-ragi-kulcha/
Oats Date Burfi,https://fitelo.co/oats-burfi/
Oats Soaked In Milk,https://fitelo.co/oats-milk/
Amaranth / Rajgira Chilla,https://fitelo.co/rajgira-cheela-recipe/
Chocolate Balls,https://fitelo.co/chocolate-balls/
Apple Crumble,https://fitelo.co/apple-crumble-recipe/
Oats Pinni,https://www.instagram.com/p/Cm63BgYgNu3/
Low Calorie Ferrero Rocher,https://www.instagram.com/p/CoZRWmHAB9F/
Palak Soup,https://www.instagram.com/p/Cn_V2TXgwYO/
Apple Chocolate Shake,https://www.instagram.com/p/CjSF-B6gXgN/
Weight Loss Oats Upma,https://www.instagram.com/p/CgwU_3Nhyw-/
Weight Loss Oats Maggi,https://www.instagram.com/p/CfMedZ-AM5o/
Oats And Vegetables Au Gratin,https://fitelo.co/oats-and-vegetables-au-gratin-recipe/
Bajra Curd,https://www.instagram.com/p/ClTHN6HAcqf/
Oats Apple Phirni,https://fitelo.co/oats-apple-phirni/
Pasta Salad,https://fitelo.co/pasta-salad-recipe/
Weight Loss White Sauce Spaghetti,https://www.instagram.com/p/ClGyQORgSFW/
Almond Oats Burfi,https://www.instagram.com/p/Cj9sM4XAetu/
Oats Dhokla,https://fitelo.co/how-to-make-dhokla-at-home/
Veg Rajma Burger (High Protein),https://www.instagram.com/p/Cg3_K_fB-oY/
De-Bloat Tea,https://fitelo.co/de-bloat-tea-recipe/
Roasted Fitelo Flaxseeds,https://fitelo.co/flax-seeds/
Green Glorious Slush,https://fitelo.co/green-glorious-slush-recipe/
Skin Brightening Smoothie,https://fitelo.co/vegan-skin-brightening-smoothie-recipe/
Nuts Mixture,https://fitelo.co/nuts-mixture-recipe/
Carrot Cake Balls,https://fitelo.co/carrot-cake-recipe/
Seed Laddoo,https://www.instagram.com/p/CfWqNV-B2pp/
Dry Fruit Laddu,https://fitelo.co/dry-fruit-laddu/
Rainbow Salad,https://fitelo.co/rainbow-salad/
Quinoa Khichdi,https://fitelo.co/quinoa-khichdi-recipe/
Panjiri,https://fitelo.co/panjiri-recipe/
Scrambled Tofu,https://fitelo.co/tofu-scramble-recipe/
Bel Juice,https://fitelo.co/bel-juice-recipe/
Grilled Mahi-Mahi With Salsa Verde,https://fitelo.co/grilled-mahi-mahi-with-salsa-verde-recipe/
Thyroid Weight Loss Tea,https://www.instagram.com/reel/Chm7Chjjk64/?igsh=YTBzbGt1NnIzb2Jh
Avocado Bruschetta,https://fitelo.co/avocado-bruschetta-with-a-sunny-side-up-recipe/
Suji Potato Roll,https://fitelo.co/suji-potato-roll-recipe/
Wheat Bran Crust Pizza,https://fitelo.co/wheat-bran-crust-pizza-recipe/
Bread Poha,https://fitelo.co/the-bread-poha-recipe/
Masala Chai,https://fitelo.co/masala-chai-recipe/
French Toast,https://fitelo.co/french-toast/
Suji Vegetable Roll,https://fitelo.co/suji-vegetable-roll-recipe/
Veg Daliya,https://fitelo.co/dalia-recipe/
Low-Cal Fish Curry,https://fitelo.co/fish-curry-recipe/
Nutri Soya Tikki,https://fitelo.co/soya-tikki-recipe/
Weightloss Alkaline Water,https://www.instagram.com/reel/DBL7wxEIW7I/
